basDt,srtnCd,isinCd,itmsNm,mrktCtg,clpr,vs,fltRt,mkp,hipr,lopr,trqu,trPrc,lstgStCnt,mrktTotAmt
20231228,005490,KR7005490008,POSCO홀딩스,KOSPI,499500,7000,1.42,495500,502000,493000,560329,278896734500,84571230,42243329385000
20231227,005490,KR7005490008,POSCO홀딩스,KOSPI,492500,19000,4.01,477500,508000,477500,1346438,668377624500,84571230,41651330775000
20231226,005490,KR7005490008,POSCO홀딩스,KOSPI,473500,-7000,-1.46,474500,481500,471500,744558,353311869500,84571230,40044477405000
20231222,005490,KR7005490008,POSCO홀딩스,KOSPI,480500,-6000,-1.23,490500,492500,480000,459588,222761843500,84571230,40636476015000
20231221,005490,KR7005490008,POSCO홀딩스,KOSPI,486500,-9500,-1.92,488500,499500,481500,736449,360795904000,84571230,41143903395000
20231220,005490,KR7005490008,POSCO홀딩스,KOSPI,496000,0,0,499500,501000,495000,417055,207126939000,84571230,41947330080000
20231219,005490,KR7005490008,POSCO홀딩스,KOSPI,496000,6500,1.33,491500,499000,482000,556757,273527630500,84571230,41947330080000
20231218,005490,KR7005490008,POSCO홀딩스,KOSPI,489500,9500,1.98,493500,498000,485500,857346,422124880000,84571230,41397617085000
20231215,005490,KR7005490008,POSCO홀딩스,KOSPI,480000,19000,4.12,469500,485000,468500,1037003,496278799000,84571230,40594190400000
20231214,005490,KR7005490008,POSCO홀딩스,KOSPI,461000,8000,1.77,463500,468000,457000,706380,326621808000,84571230,38987337030000
20231213,005490,KR7005490008,POSCO홀딩스,KOSPI,453000,-15000,-3.21,460500,461000,451000,556213,253365146000,84571230,38310767190000
20231212,005490,KR7005490008,POSCO홀딩스,KOSPI,468000,1000,.21,464000,469500,461500,383666,178394845000,84571230,39579335640000
20231211,005490,KR7005490008,POSCO홀딩스,KOSPI,467000,-4500,-.95,474500,477500,467000,488730,230264510500,84571230,39494764410000
20231208,005490,KR7005490008,POSCO홀딩스,KOSPI,471500,24500,5.48,452500,473500,451500,692298,320379516000,84571230,39875334945000
20231207,005490,KR7005490008,POSCO홀딩스,KOSPI,447000,-4500,-1,454000,458500,438000,758013,336831130000,84571230,37803339810000
20231206,005490,KR7005490008,POSCO홀딩스,KOSPI,451500,-9000,-1.95,459000,461000,451000,628444,285991865500,84571230,38183910345000
20231205,005490,KR7005490008,POSCO홀딩스,KOSPI,460500,-14500,-3.05,469500,476500,460000,536732,250784353500,84571230,38945051415000
20231204,005490,KR7005490008,POSCO홀딩스,KOSPI,475000,1000,.21,474000,479000,464000,881284,414160251500,84571230,40171334250000
20231201,005490,KR7005490008,POSCO홀딩스,KOSPI,474000,-9000,-1.86,483000,483000,469500,524432,249436790500,84571230,40086763020000
20231130,005490,KR7005490008,POSCO홀딩스,KOSPI,483000,0,0,481000,488500,477500,562014,271171034000,84571230,40847904090000
20231129,005490,KR7005490008,POSCO홀딩스,KOSPI,483000,5000,1.05,480000,485500,474000,537203,257440359000,84571230,40847904090000
20231128,005490,KR7005490008,POSCO홀딩스,KOSPI,478000,10000,2.14,468000,478000,467500,417140,197186800000,84571230,40425047940000
20231127,005490,KR7005490008,POSCO홀딩스,KOSPI,468000,-4500,-.95,473000,475000,466000,328044,154077478000,84571230,39579335640000
20231124,005490,KR7005490008,POSCO홀딩스,KOSPI,472500,-2500,-.53,476500,481500,471500,371597,176867839000,84571230,39959906175000
20231123,005490,KR7005490008,POSCO홀딩스,KOSPI,475000,3000,.64,470000,475000,467500,295399,139556142000,84571230,40171334250000
20231122,005490,KR7005490008,POSCO홀딩스,KOSPI,472000,-2000,-.42,468500,475500,467500,314942,148277779500,84571230,39917620560000
20231121,005490,KR7005490008,POSCO홀딩스,KOSPI,474000,2000,.42,474000,477000,466500,418594,197951039500,84571230,40086763020000
20231120,005490,KR7005490008,POSCO홀딩스,KOSPI,472000,8500,1.83,463500,477000,459500,462658,218091572500,84571230,39917620560000
20231117,005490,KR7005490008,POSCO홀딩스,KOSPI,463500,-3500,-.75,459500,465000,453000,499297,228785064000,84571230,39198765105000
20231116,005490,KR7005490008,POSCO홀딩스,KOSPI,467000,-7000,-1.48,470000,475000,465500,477203,224014158500,84571230,39494764410000
20231115,005490,KR7005490008,POSCO홀딩스,KOSPI,474000,2500,.53,494000,494000,468500,787775,379225120000,84571230,40086763020000
20231114,005490,KR7005490008,POSCO홀딩스,KOSPI,471500,19500,4.31,459000,481000,458500,892775,420871301500,84571230,39875334945000
20231113,005490,KR7005490008,POSCO홀딩스,KOSPI,452000,4500,1.01,455000,462500,450000,548925,249567861500,84571230,38226195960000
20231110,005490,KR7005490008,POSCO홀딩스,KOSPI,447500,-13000,-2.82,450000,455500,445000,483230,217280524000,84571230,37845625425000
20231109,005490,KR7005490008,POSCO홀딩스,KOSPI,460500,4000,.88,460000,466000,444000,798154,363147386500,84571230,38945051415000
20231108,005490,KR7005490008,POSCO홀딩스,KOSPI,456500,-8000,-1.72,456500,474000,453500,938184,434294242500,84571230,38606766495000
20231107,005490,KR7005490008,POSCO홀딩스,KOSPI,464500,-57500,-11.02,510000,511000,452000,2357481,1129464084000,84571230,39283336335000
20231106,005490,KR7005490008,POSCO홀딩스,KOSPI,522000,84000,19.18,471000,527000,462000,3341452,1669369109500,84571230,44146182060000
20231103,005490,KR7005490008,POSCO홀딩스,KOSPI,438000,10500,2.46,444000,444000,428000,872168,381314190000,84571230,37042198740000
20231102,005490,KR7005490008,POSCO홀딩스,KOSPI,427500,25000,6.21,413500,427500,413000,815086,343281661500,84571230,36154200825000
20231101,005490,KR7005490008,POSCO홀딩스,KOSPI,402500,-9000,-2.19,412500,418500,399500,883988,360322667000,84571230,34039920075000
20231031,005490,KR7005490008,POSCO홀딩스,KOSPI,411500,-21500,-4.97,433000,433500,406000,1155827,479309619000,84571230,34801061145000
20231030,005490,KR7005490008,POSCO홀딩스,KOSPI,433000,10000,2.36,417500,433000,416500,743725,316366602580,84571230,36619342590000
20231027,005490,KR7005490008,POSCO홀딩스,KOSPI,423000,1500,.36,423000,435000,415500,1199624,508769165500,84571230,35773630290000
20231026,005490,KR7005490008,POSCO홀딩스,KOSPI,421500,-24000,-5.39,424500,435000,419000,1676774,715441418039,84571230,35646773445000
20231025,005490,KR7005490008,POSCO홀딩스,KOSPI,445500,-28500,-6.01,476500,476500,443000,1237237,561210961500,84571230,37676482965000
20231024,005490,KR7005490008,POSCO홀딩스,KOSPI,474000,21000,4.64,455000,483000,441500,1529774,703673858440,84571230,40086763020000
20231023,005490,KR7005490008,POSCO홀딩스,KOSPI,453000,0,0,452000,457500,442500,1049913,474237163000,84571230,38310767190000
20231020,005490,KR7005490008,POSCO홀딩스,KOSPI,453000,-24000,-5.03,469000,475000,448000,2322796,1065682094500,84571230,38310767190000
20231019,005490,KR7005490008,POSCO홀딩스,KOSPI,477000,-23000,-4.6,486000,488500,477000,1548134,745620084940,84571230,40340476710000
20231018,005490,KR7005490008,POSCO홀딩스,KOSPI,500000,-3000,-.6,501000,507000,499000,624079,312365433500,84571230,42285615000000
20231017,005490,KR7005490008,POSCO홀딩스,KOSPI,503000,-4000,-.79,514000,518000,502000,625836,318406002000,84571230,42539328690000
20231016,005490,KR7005490008,POSCO홀딩스,KOSPI,507000,-5000,-.98,502000,508000,496000,837155,419463479500,84571230,42877613610000
20231013,005490,KR7005490008,POSCO홀딩스,KOSPI,512000,-6000,-1.16,518000,524000,509000,671304,346502255500,84571230,43300469760000
20231012,005490,KR7005490008,POSCO홀딩스,KOSPI,518000,11000,2.17,511000,532000,507000,1057678,549614287000,84571230,43807897140000
20231011,005490,KR7005490008,POSCO홀딩스,KOSPI,507000,14000,2.84,501000,513000,498000,1003202,506585678500,84571230,42877613610000
20231010,005490,KR7005490008,POSCO홀딩스,KOSPI,493000,-21000,-4.09,521000,522000,490000,1498746,753554360000,84571230,41693616390000
20231006,005490,KR7005490008,POSCO홀딩스,KOSPI,514000,3000,.59,510000,522000,507000,652301,335277397000,84571230,43469612220000
20231005,005490,KR7005490008,POSCO홀딩스,KOSPI,511000,0,0,524000,531000,510000,896556,467386763000,84571230,43215898530000
20231004,005490,KR7005490008,POSCO홀딩스,KOSPI,511000,-24000,-4.49,529000,532000,510000,1239625,643919691000,84571230,43215898530000
20230927,005490,KR7005490008,POSCO홀딩스,KOSPI,535000,2000,.38,528000,537000,525000,804112,427029573000,84571230,45245608050000
20230926,005490,KR7005490008,POSCO홀딩스,KOSPI,533000,-6000,-1.11,539000,549000,532000,870926,469813504000,84571230,45076465590000
20230925,005490,KR7005490008,POSCO홀딩스,KOSPI,539000,-30000,-5.27,564000,566000,536000,1503031,820713799000,84571230,45583892970000
20230922,005490,KR7005490008,POSCO홀딩스,KOSPI,569000,-8000,-1.39,568000,573000,556000,924090,523041065000,84571230,48121029870000
20230921,005490,KR7005490008,POSCO홀딩스,KOSPI,577000,-17000,-2.86,588000,595000,576000,715070,417031326000,84571230,48797599710000
20230920,005490,KR7005490008,POSCO홀딩스,KOSPI,594000,1000,.17,592000,596000,582000,829143,488947560000,84571230,50235310620000
20230919,005490,KR7005490008,POSCO홀딩스,KOSPI,593000,-10000,-1.66,604000,608000,588000,1036725,619181500000,84571230,50150739390000
20230918,005490,KR7005490008,POSCO홀딩스,KOSPI,603000,19000,3.25,591000,605000,584000,1396160,832642449000,84571230,50996451690000
20230915,005490,KR7005490008,POSCO홀딩스,KOSPI,584000,31000,5.61,560000,597000,554000,1831875,1064306301874,84571230,49389598320000
20230914,005490,KR7005490008,POSCO홀딩스,KOSPI,553000,24000,4.54,533000,555000,531000,928896,507803465000,84571230,46767890190000
20230913,005490,KR7005490008,POSCO홀딩스,KOSPI,529000,-17000,-3.11,539000,549000,525000,1335818,715812038000,84571230,44738180670000
20230912,005490,KR7005490008,POSCO홀딩스,KOSPI,546000,-24000,-4.21,576000,577000,545000,1333031,739061621000,84571230,46175891580000
20230911,005490,KR7005490008,POSCO홀딩스,KOSPI,570000,-13000,-2.23,587000,588000,567000,635976,364724467000,84571230,48205601100000
20230908,005490,KR7005490008,POSCO홀딩스,KOSPI,583000,15000,2.64,567000,583000,567000,716625,411407777000,84571230,49305027090000
20230907,005490,KR7005490008,POSCO홀딩스,KOSPI,568000,-12000,-2.07,575000,584000,563000,954854,545854258000,84571230,48036458640000
20230906,005490,KR7005490008,POSCO홀딩스,KOSPI,580000,-17000,-2.85,595000,601000,577000,865525,510504045867,84571230,49051313400000
20230905,005490,KR7005490008,POSCO홀딩스,KOSPI,597000,7000,1.19,595000,609000,587000,1144118,684673106000,84571230,50489024310000
20230904,005490,KR7005490008,POSCO홀딩스,KOSPI,590000,30000,5.36,554000,596000,553000,1315360,759407269000,84571230,49897025700000
20230901,005490,KR7005490008,POSCO홀딩스,KOSPI,560000,-19000,-3.28,576000,580000,558000,940959,531133806000,84571230,47359888800000
20230831,005490,KR7005490008,POSCO홀딩스,KOSPI,579000,-1000,-.17,581000,584000,575000,888954,514406656000,84571230,48966742170000
20230830,005490,KR7005490008,POSCO홀딩스,KOSPI,580000,-3000,-.51,595000,605000,580000,930082,549524211000,84571230,49051313400000
20230829,005490,KR7005490008,POSCO홀딩스,KOSPI,583000,-10000,-1.69,595000,596000,581000,802162,471077047000,84571230,49305027090000
20230828,005490,KR7005490008,POSCO홀딩스,KOSPI,593000,16000,2.77,588000,599000,582000,1004931,594865557000,84571230,50150739390000
20230825,005490,KR7005490008,POSCO홀딩스,KOSPI,577000,-2000,-.35,567000,583000,561000,904736,519579225000,84571230,48797599710000
20230824,005490,KR7005490008,POSCO홀딩스,KOSPI,579000,28000,5.08,557000,583000,548000,1270728,721326521000,84571230,48966742170000
20230823,005490,KR7005490008,POSCO홀딩스,KOSPI,551000,-9000,-1.61,560000,561000,543000,748945,412119874000,84571230,46598747730000
20230822,005490,KR7005490008,POSCO홀딩스,KOSPI,560000,9000,1.63,563000,573000,552000,1051757,589887345000,84571230,47359888800000
20230821,005490,KR7005490008,POSCO홀딩스,KOSPI,551000,2000,.36,549000,563000,545000,950697,526139630000,84571230,46598747730000
20230818,005490,KR7005490008,POSCO홀딩스,KOSPI,549000,-4000,-.72,552000,561000,542000,892609,490548872000,84571230,46429605270000
20230817,005490,KR7005490008,POSCO홀딩스,KOSPI,553000,7000,1.28,543000,557000,525000,1767674,962499795000,84571230,46767890190000
20230816,005490,KR7005490008,POSCO홀딩스,KOSPI,546000,-31000,-5.37,570000,572000,544000,1660436,923022622000,84571230,46175891580000
20230814,005490,KR7005490008,POSCO홀딩스,KOSPI,577000,0,0,565000,585000,558000,1168580,667672120000,84571230,48797599710000
20230811,005490,KR7005490008,POSCO홀딩스,KOSPI,577000,-21000,-3.51,600000,601000,575000,1198157,699735983000,84571230,48797599710000
20230810,005490,KR7005490008,POSCO홀딩스,KOSPI,598000,1000,.17,590000,611000,589000,1034234,620495599000,84571230,50573595540000
20230809,005490,KR7005490008,POSCO홀딩스,KOSPI,597000,0,0,597000,604000,587000,1191171,711596669000,84571230,50489024310000
20230808,005490,KR7005490008,POSCO홀딩스,KOSPI,597000,36000,6.42,565000,597000,556000,1878204,1086580981000,84571230,50489024310000
20230807,005490,KR7005490008,POSCO홀딩스,KOSPI,561000,-33000,-5.56,585000,592000,555000,2168072,1231384698000,84571230,47444460030000
20230804,005490,KR7005490008,POSCO홀딩스,KOSPI,594000,2000,.34,595000,614000,584000,1429396,855154522000,84571230,50235310620000
20230803,005490,KR7005490008,POSCO홀딩스,KOSPI,592000,7000,1.2,592000,593000,570000,1967322,1147792547000,84571230,50066168160000
20230802,005490,KR7005490008,POSCO홀딩스,KOSPI,585000,-36000,-5.8,603000,624000,585000,2873833,1725530273000,84571230,49474169550000
20230801,005490,KR7005490008,POSCO홀딩스,KOSPI,621000,-21000,-3.27,653000,655000,613000,3092475,1965786073900,84571230,52518733830000
20230731,005490,KR7005490008,POSCO홀딩스,KOSPI,642000,23000,3.72,632000,662000,621000,3304143,2109363506000,84571230,54294729660000
20230728,005490,KR7005490008,POSCO홀딩스,KOSPI,619000,25000,4.21,586000,619000,579000,4114475,2478881282000,84571230,52349591370000
20230727,005490,KR7005490008,POSCO홀딩스,KOSPI,594000,-36000,-5.71,613000,649000,560000,7424260,4488089841000,84571230,50235310620000
20230726,005490,KR7005490008,POSCO홀딩스,KOSPI,630000,-28000,-4.26,666000,764000,599000,11631776,8057680029000,84571230,53279874900000
20230725,005490,KR7005490008,POSCO홀딩스,KOSPI,658000,16000,2.49,655000,679000,636000,5728769,3749701702410,84571230,55647869340000
20230724,005490,KR7005490008,POSCO홀딩스,KOSPI,642000,91000,16.52,566000,682000,565000,7321997,4606869666000,84571230,54294729660000
20230721,005490,KR7005490008,POSCO홀딩스,KOSPI,551000,53500,10.75,486000,555000,483500,3458805,1828643245000,84571230,46598747730000
20230720,005490,KR7005490008,POSCO홀딩스,KOSPI,497500,-2000,-.4,490500,507000,488500,1329119,660167241500,84571230,42074186925000
20230719,005490,KR7005490008,POSCO홀딩스,KOSPI,499500,11500,2.36,496000,517000,493000,2381695,1200065299000,84571230,42243329385000
20230718,005490,KR7005490008,POSCO홀딩스,KOSPI,488000,10000,2.09,482000,495000,474000,2798504,1356046293500,84571230,41270760240000
20230717,005490,KR7005490008,POSCO홀딩스,KOSPI,478000,31000,6.94,452500,485000,451000,2933840,1387864399560,84571230,40425047940000
20230714,005490,KR7005490008,POSCO홀딩스,KOSPI,447000,15500,3.59,430500,452500,426000,2198833,975833588000,84571230,37803339810000
20230713,005490,KR7005490008,POSCO홀딩스,KOSPI,431500,14000,3.35,424000,431500,417500,2320901,987813402500,84571230,36492485745000
20230712,005490,KR7005490008,POSCO홀딩스,KOSPI,417500,23000,5.83,396500,426000,389500,3323841,1373517644500,84571230,35308488525000
20230711,005490,KR7005490008,POSCO홀딩스,KOSPI,394500,-2500,-.63,398000,400500,391500,1071681,423912773500,84571230,33363350235000
20230710,005490,KR7005490008,POSCO홀딩스,KOSPI,397000,-3000,-.75,404000,407500,395000,1079444,432848583000,84571230,33574778310000
20230707,005490,KR7005490008,POSCO홀딩스,KOSPI,400000,6000,1.52,390500,401500,390500,752802,297339728500,84571230,33828492000000
20230706,005490,KR7005490008,POSCO홀딩스,KOSPI,394000,-9000,-2.23,402500,402500,393000,809495,321702515000,84571230,33321064620000
20230705,005490,KR7005490008,POSCO홀딩스,KOSPI,403000,500,.12,403000,406500,401000,705287,284769286500,84571230,34082205690000
20230704,005490,KR7005490008,POSCO홀딩스,KOSPI,402500,500,.12,402500,409000,397000,853254,343277765500,84571230,34039920075000
20230703,005490,KR7005490008,POSCO홀딩스,KOSPI,402000,14000,3.61,391500,403000,391000,846399,337799905500,84571230,33997634460000
20230630,005490,KR7005490008,POSCO홀딩스,KOSPI,388000,500,.13,390500,390500,384000,520732,201663329000,84571230,32813637240000
20230629,005490,KR7005490008,POSCO홀딩스,KOSPI,387500,-2000,-.51,390000,396500,387000,557777,217744424000,84571230,32771351625000
20230628,005490,KR7005490008,POSCO홀딩스,KOSPI,389500,-14000,-3.47,406000,406500,389500,848166,336536675500,84571230,32940494085000
20230627,005490,KR7005490008,POSCO홀딩스,KOSPI,403500,3500,.88,401500,404000,396000,788317,315164300000,84571230,34124491305000
20230626,005490,KR7005490008,POSCO홀딩스,KOSPI,400000,8000,2.04,391500,407000,390500,956793,383369882500,84571230,33828492000000
20230623,005490,KR7005490008,POSCO홀딩스,KOSPI,392000,-4000,-1.01,398000,399500,391500,492324,193893051000,84571230,33151922160000
20230622,005490,KR7005490008,POSCO홀딩스,KOSPI,396000,13500,3.53,382000,398500,379000,1007756,395288033500,84571230,33490207080000
20230621,005490,KR7005490008,POSCO홀딩스,KOSPI,382500,-3500,-.91,385000,388000,382000,493898,190158062500,84571230,32348495475000
20230620,005490,KR7005490008,POSCO홀딩스,KOSPI,386000,-6500,-1.66,390500,391500,386000,537721,208432390000,84571230,32644494780000
20230619,005490,KR7005490008,POSCO홀딩스,KOSPI,392500,-500,-.13,391500,394500,385500,565125,220761039500,84571230,33194207775000
20230616,005490,KR7005490008,POSCO홀딩스,KOSPI,393000,7000,1.81,388500,395500,383000,640873,250020877500,84571230,33236493390000
20230615,005490,KR7005490008,POSCO홀딩스,KOSPI,386000,-5500,-1.4,397000,399000,382000,1122476,437720543500,84571230,32644494780000
20230614,005490,KR7005490008,POSCO홀딩스,KOSPI,391500,2000,.51,393000,410500,389500,2069738,827712076000,84571230,33109636545000
20230613,005490,KR7005490008,POSCO홀딩스,KOSPI,389500,-2000,-.51,394000,395000,387500,751529,293621596500,84571230,32940494085000
20230612,005490,KR7005490008,POSCO홀딩스,KOSPI,391500,-2500,-.63,398500,399500,391500,639741,252261355500,84571230,33109636545000
20230609,005490,KR7005490008,POSCO홀딩스,KOSPI,394000,6000,1.55,393500,395500,388500,680374,266879684000,84571230,33321064620000
20230608,005490,KR7005490008,POSCO홀딩스,KOSPI,388000,-500,-.13,388500,396000,386000,911859,355966701500,84571230,32813637240000
20230607,005490,KR7005490008,POSCO홀딩스,KOSPI,388500,1000,.26,388000,391000,386000,854667,331812208000,84571230,32855922855000
20230605,005490,KR7005490008,POSCO홀딩스,KOSPI,387500,11000,2.92,382000,390000,378000,1059256,407098194000,84571230,32771351625000
20230602,005490,KR7005490008,POSCO홀딩스,KOSPI,376500,15500,4.29,364000,378000,361500,898394,333530264000,84571230,31841068095000
20230601,005490,KR7005490008,POSCO홀딩스,KOSPI,361000,1000,.28,361000,363000,357000,563485,202891537500,84571230,30530214030000
20230531,005490,KR7005490008,POSCO홀딩스,KOSPI,360000,-3000,-.83,364000,368000,360000,783723,284508302500,84571230,30445642800000
20230530,005490,KR7005490008,POSCO홀딩스,KOSPI,363000,2500,.69,361500,368500,360500,618415,224988136000,84571230,30699356490000
20230526,005490,KR7005490008,POSCO홀딩스,KOSPI,360500,-4500,-1.23,363000,366500,360000,573455,207633127500,84571230,30487928415000
20230525,005490,KR7005490008,POSCO홀딩스,KOSPI,365000,-6000,-1.62,368500,368500,364000,529820,193976090000,84571230,30868498950000
20230524,005490,KR7005490008,POSCO홀딩스,KOSPI,371000,-6000,-1.59,377000,377000,371000,679805,253645102500,84571230,31375926330000
20230523,005490,KR7005490008,POSCO홀딩스,KOSPI,377000,8000,2.17,372000,382000,370500,827935,312699593500,84571230,31883353710000
20230522,005490,KR7005490008,POSCO홀딩스,KOSPI,369000,4500,1.23,360500,371500,359000,528344,193931500000,84571230,31206783870000
20230519,005490,KR7005490008,POSCO홀딩스,KOSPI,364500,-8500,-2.28,373500,374500,363500,609598,223607092000,84571230,30826213335000
20230518,005490,KR7005490008,POSCO홀딩스,KOSPI,373000,3000,.81,373000,374500,367500,562035,208480540500,84571230,31545068790000
20230517,005490,KR7005490008,POSCO홀딩스,KOSPI,370000,-500,-.13,369500,372500,367500,409493,151559098500,84571230,31291355100000
20230516,005490,KR7005490008,POSCO홀딩스,KOSPI,370500,2500,.68,372500,374000,368000,613026,227209748500,84571230,31333640715000
20230515,005490,KR7005490008,POSCO홀딩스,KOSPI,368000,4500,1.24,363500,369000,356000,805678,291880182500,84571230,31122212640000
20230512,005490,KR7005490008,POSCO홀딩스,KOSPI,363500,1000,.28,359500,368000,359500,627365,228351922500,84571230,30741642105000
20230511,005490,KR7005490008,POSCO홀딩스,KOSPI,362500,-3500,-.96,370000,373000,362500,836456,307197297500,84571230,30657070875000
20230510,005490,KR7005490008,POSCO홀딩스,KOSPI,366000,-6000,-1.61,370000,376000,365500,798825,295749064500,84571230,30953070180000
20230509,005490,KR7005490008,POSCO홀딩스,KOSPI,372000,4500,1.22,363000,373000,360000,1089617,399801133000,84571230,31460497560000
20230508,005490,KR7005490008,POSCO홀딩스,KOSPI,367500,-11500,-3.03,384000,384000,367000,1063039,396197818000,84571230,31079927025000
20230504,005490,KR7005490008,POSCO홀딩스,KOSPI,379000,-1000,-.26,376500,381500,373000,621657,234931020000,84571230,32052496170000
20230503,005490,KR7005490008,POSCO홀딩스,KOSPI,380000,-2000,-.52,382000,385500,378000,768864,293807530000,84571230,32137067400000
20230502,005490,KR7005490008,POSCO홀딩스,KOSPI,382000,5000,1.33,379000,387500,377000,997936,381147813500,84571230,32306209860000
20230428,005490,KR7005490008,POSCO홀딩스,KOSPI,377000,-10000,-2.58,400000,400500,376000,1523535,586875475000,84571230,31883353710000
20230427,005490,KR7005490008,POSCO홀딩스,KOSPI,387000,15500,4.17,370500,388000,369000,1259153,477199812000,84571230,32729066010000
20230426,005490,KR7005490008,POSCO홀딩스,KOSPI,371500,-8000,-2.11,377000,382500,370000,1356256,508829570500,84571230,31418211945000
20230425,005490,KR7005490008,POSCO홀딩스,KOSPI,379500,-19000,-4.77,400500,403000,376000,2061154,793188009000,84571230,32094781785000
20230424,005490,KR7005490008,POSCO홀딩스,KOSPI,398500,2500,.63,389500,409000,389000,1492362,597191196500,84571230,33701635155000
20230421,005490,KR7005490008,POSCO홀딩스,KOSPI,396000,-13500,-3.3,404000,408000,392500,1811713,722023900500,84571230,33490207080000
20230420,005490,KR7005490008,POSCO홀딩스,KOSPI,409500,-2500,-.61,409000,426000,405000,1735312,719319600500,84571230,34631918685000
20230419,005490,KR7005490008,POSCO홀딩스,KOSPI,412000,-2500,-.6,415500,426000,411000,1910849,796060439000,84571230,34843346760000
20230418,005490,KR7005490008,POSCO홀딩스,KOSPI,414500,-9000,-2.13,431000,434000,413000,2542208,1071825325500,84571230,35054774835000
20230417,005490,KR7005490008,POSCO홀딩스,KOSPI,423500,7500,1.8,419500,436000,416500,2943959,1258116632000,84571230,35815915905000
20230414,005490,KR7005490008,POSCO홀딩스,KOSPI,416000,24500,6.26,406000,421000,396000,2744732,1121889382000,84571230,35181631680000
20230413,005490,KR7005490008,POSCO홀딩스,KOSPI,391500,-15000,-3.69,394000,398500,376000,2625269,1024721203000,84571230,33109636545000
20230412,005490,KR7005490008,POSCO홀딩스,KOSPI,406500,9500,2.39,401500,433000,399000,4199534,1745349338500,84571230,34378204995000
20230411,005490,KR7005490008,POSCO홀딩스,KOSPI,397000,-1500,-.38,402500,411500,391500,2388116,955312417500,84571230,33574778310000
20230410,005490,KR7005490008,POSCO홀딩스,KOSPI,398500,29000,7.85,389000,409500,386000,3400129,1356744585000,84571230,33701635155000
20230407,005490,KR7005490008,POSCO홀딩스,KOSPI,369500,7000,1.93,365500,372000,361500,1161822,426685052000,84571230,31249069485000
20230406,005490,KR7005490008,POSCO홀딩스,KOSPI,362500,-11000,-2.95,368500,369000,361000,1599156,581493644500,84571230,30657070875000
20230405,005490,KR7005490008,POSCO홀딩스,KOSPI,373500,6500,1.77,362500,378000,358000,1920793,706143437500,84571230,31587354405000
20230404,005490,KR7005490008,POSCO홀딩스,KOSPI,367000,-25000,-6.38,392000,394500,366000,2636739,1001802396500,84571230,31037641410000
20230403,005490,KR7005490008,POSCO홀딩스,KOSPI,392000,24000,6.52,385000,401500,381500,2647969,1039998810500,84571230,33151922160000
20230331,005490,KR7005490008,POSCO홀딩스,KOSPI,368000,28500,8.39,338000,392000,337000,3767223,1403427430000,84571230,31122212640000
20230330,005490,KR7005490008,POSCO홀딩스,KOSPI,339500,-1500,-.44,341000,344000,335000,700132,237071977000,84571230,28711932585000
20230329,005490,KR7005490008,POSCO홀딩스,KOSPI,341000,2000,.59,344000,344500,336500,711759,241686119500,84571230,28838789430000
20230328,005490,KR7005490008,POSCO홀딩스,KOSPI,339000,7000,2.11,334000,344000,332500,822344,277960787000,84571230,28669646970000
20230327,005490,KR7005490008,POSCO홀딩스,KOSPI,332000,10000,3.11,327000,336000,325500,788021,261150164500,84571230,28077648360000
20230324,005490,KR7005490008,POSCO홀딩스,KOSPI,322000,-7000,-2.13,330000,330000,320000,595650,192616941000,84571230,27231936060000
20230323,005490,KR7005490008,POSCO홀딩스,KOSPI,329000,-1000,-.3,327000,332500,325000,878007,289064566500,84571230,27823934670000
20230322,005490,KR7005490008,POSCO홀딩스,KOSPI,330000,11000,3.45,322500,337500,322500,881894,292236970000,84571230,27908505900000
20230321,005490,KR7005490008,POSCO홀딩스,KOSPI,319000,0,0,322000,325500,319000,432909,139035314000,84571230,26978222370000
20230320,005490,KR7005490008,POSCO홀딩스,KOSPI,319000,-2000,-.62,316500,324500,314500,408075,130461938000,84571230,26978222370000
20230317,005490,KR7005490008,POSCO홀딩스,KOSPI,321000,-2000,-.62,329000,332500,320500,688227,222947517000,84571230,27147364830000
20230316,005490,KR7005490008,POSCO홀딩스,KOSPI,323000,-3500,-1.07,319500,327000,317000,662637,213220003000,84571230,27316507290000
20230315,005490,KR7005490008,POSCO홀딩스,KOSPI,326500,10500,3.32,323500,329500,320000,626558,203812798500,84571230,27612506595000
20230314,005490,KR7005490008,POSCO홀딩스,KOSPI,316000,-11000,-3.36,324500,324500,316000,599657,191106913000,84571230,26724508680000
20230313,005490,KR7005490008,POSCO홀딩스,KOSPI,327000,6500,2.03,318000,328000,315500,585821,188793414000,84571230,27654792210000
20230310,005490,KR7005490008,POSCO홀딩스,KOSPI,320500,-2000,-.62,316000,324500,314500,386284,123799302000,84571230,27105079215000
20230309,005490,KR7005490008,POSCO홀딩스,KOSPI,322500,-6500,-1.98,330500,333500,321500,686362,223655119000,84571230,27274221675000
20230308,005490,KR7005490008,POSCO홀딩스,KOSPI,329000,-6000,-1.79,332500,332500,326500,612776,201343428500,84571230,27823934670000
20230307,005490,KR7005490008,POSCO홀딩스,KOSPI,335000,5500,1.67,330500,344500,330000,1022487,347047479500,84571230,28331362050000
20230306,005490,KR7005490008,POSCO홀딩스,KOSPI,329500,-2500,-.75,334000,335000,321000,1270453,415450578000,84571230,27866220285000
20230303,005490,KR7005490008,POSCO홀딩스,KOSPI,332000,-5000,-1.48,339500,341000,329500,797958,265571186000,84571230,28077648360000
20230302,005490,KR7005490008,POSCO홀딩스,KOSPI,337000,19000,5.97,325500,344000,325000,1333108,447134003500,84571230,28500504510000
20230228,005490,KR7005490008,POSCO홀딩스,KOSPI,318000,-1000,-.31,322500,324500,315500,1446654,460983516500,84571230,26893651140000
20230227,005490,KR7005490008,POSCO홀딩스,KOSPI,319000,-3000,-.93,315500,322000,313500,873124,277399126000,84571230,26978222370000
20230224,005490,KR7005490008,POSCO홀딩스,KOSPI,322000,-9500,-2.87,332000,332000,319500,763089,247515253000,84571230,27231936060000
20230223,005490,KR7005490008,POSCO홀딩스,KOSPI,331500,-500,-.15,333000,336000,325000,618887,204370066500,84571230,28035362745000
20230222,005490,KR7005490008,POSCO홀딩스,KOSPI,332000,-14000,-4.05,339000,341500,329000,974061,326923597500,84571230,28077648360000
20230221,005490,KR7005490008,POSCO홀딩스,KOSPI,346000,0,0,347000,348500,339000,717022,246930446500,84571230,29261645580000
20230220,005490,KR7005490008,POSCO홀딩스,KOSPI,346000,12000,3.59,341000,349500,338000,1075480,370656587500,84571230,29261645580000
20230217,005490,KR7005490008,POSCO홀딩스,KOSPI,334000,5000,1.52,325500,346000,325000,1279962,431636733500,84571230,28246790820000
20230216,005490,KR7005490008,POSCO홀딩스,KOSPI,329000,3500,1.08,329000,329500,323000,810231,264708786500,84571230,27823934670000
20230215,005490,KR7005490008,POSCO홀딩스,KOSPI,325500,18500,6.03,309500,329000,308500,1356822,437829638500,84571230,27527935365000
20230214,005490,KR7005490008,POSCO홀딩스,KOSPI,307000,2500,.82,306500,313000,304500,495815,153114042000,84571230,25963367610000
20230213,005490,KR7005490008,POSCO홀딩스,KOSPI,304500,4500,1.5,298500,304500,297000,361539,109041336500,84571230,25751939535000
20230210,005490,KR7005490008,POSCO홀딩스,KOSPI,300000,-6000,-1.96,306500,306500,299000,443512,133370346500,84571230,25371369000000
20230209,005490,KR7005490008,POSCO홀딩스,KOSPI,306000,8000,2.68,297500,307500,295000,530381,160420929500,84571230,25878796380000
20230208,005490,KR7005490008,POSCO홀딩스,KOSPI,298000,-500,-.17,300000,305000,298000,419661,126187726500,84571230,25202226540000
20230207,005490,KR7005490008,POSCO홀딩스,KOSPI,298500,500,.17,297000,299500,293500,424378,126207246500,84571230,25244512155000
20230206,005490,KR7005490008,POSCO홀딩스,KOSPI,298000,-5000,-1.65,300000,303000,298000,389270,116822929500,84571230,25202226540000
20230203,005490,KR7005490008,POSCO홀딩스,KOSPI,303000,-500,-.16,302000,305000,298000,365227,110059182000,84571230,25625082690000
20230202,005490,KR7005490008,POSCO홀딩스,KOSPI,303500,0,0,307000,309000,302000,392097,119595360500,84571230,25667368305000
20230201,005490,KR7005490008,POSCO홀딩스,KOSPI,303500,3000,1,302000,304500,300500,333222,100876499500,84571230,25667368305000
20230131,005490,KR7005490008,POSCO홀딩스,KOSPI,300500,-3000,-.99,307500,308000,300000,507244,154022111500,84571230,25413654615000
20230130,005490,KR7005490008,POSCO홀딩스,KOSPI,303500,-8000,-2.57,310000,315000,302500,578986,177337271847,84571230,25667368305000
20230127,005490,KR7005490008,POSCO홀딩스,KOSPI,311500,-2500,-.8,314000,314000,309000,329254,102715775000,84571230,26343938145000
20230126,005490,KR7005490008,POSCO홀딩스,KOSPI,314000,11000,3.63,303500,314500,301500,538052,166932433500,84571230,26555366220000
20230125,005490,KR7005490008,POSCO홀딩스,KOSPI,303000,-5500,-1.78,312000,312500,302000,384315,117449530500,84571230,25878796380000
20230120,005490,KR7005490008,POSCO홀딩스,KOSPI,308500,8000,2.66,300500,309500,300500,280284,85576557500,84571230,26090224455000
20230119,005490,KR7005490008,POSCO홀딩스,KOSPI,300500,500,.17,297500,303500,297000,230209,69287611500,84571230,25413654615000
20230118,005490,KR7005490008,POSCO홀딩스,KOSPI,300000,-5500,-1.8,304500,306000,298000,413955,124562000500,84571230,25371369000000
20230117,005490,KR7005490008,POSCO홀딩스,KOSPI,305500,-5500,-1.77,310500,314000,305000,333407,102789785500,84571230,25836510765000
20230116,005490,KR7005490008,POSCO홀딩스,KOSPI,311000,6000,1.97,306000,313000,302500,547935,168868442000,84571230,26301652530000
20230113,005490,KR7005490008,POSCO홀딩스,KOSPI,305000,14000,4.81,294000,305000,293500,762472,229670159500,84571230,25794225150000
20230112,005490,KR7005490008,POSCO홀딩스,KOSPI,291000,-1000,-.34,293500,295000,291000,325084,95106754000,84571230,24610227930000
20230111,005490,KR7005490008,POSCO홀딩스,KOSPI,292000,1000,.34,293000,293500,290500,301818,88039855500,84571230,24694799160000
20230110,005490,KR7005490008,POSCO홀딩스,KOSPI,291000,2000,.69,289000,291500,287500,311729,90284369500,84571230,24610227930000
20230109,005490,KR7005490008,POSCO홀딩스,KOSPI,289000,3000,1.05,289500,290000,286500,267873,77277058500,84571230,24441085470000
20230106,005490,KR7005490008,POSCO홀딩스,KOSPI,286000,7500,2.69,278500,287500,278500,390204,110779082000,84571230,24187371780000
20230105,005490,KR7005490008,POSCO홀딩스,KOSPI,278500,4000,1.46,276500,282000,274000,327195,90977572000,84571230,23553087555000
20230104,005490,KR7005490008,POSCO홀딩스,KOSPI,274500,2500,.92,268500,276000,268000,218258,59556670500,84571230,23214802635000
20230103,005490,KR7005490008,POSCO홀딩스,KOSPI,272000,0,0,271500,274000,265500,359010,96843388000,84571230,23003374560000
20230102,005490,KR7005490008,POSCO홀딩스,KOSPI,272000,-4500,-1.63,277000,279000,271500,360653,99179089000,84571230,23003374560000
20221229,005490,KR7005490008,POSCO홀딩스,KOSPI,276500,-14500,-4.98,288500,289000,276000,606222,169850262000,84571230,23383945095000
20221228,005490,KR7005490008,POSCO홀딩스,KOSPI,291000,-1000,-.34,290500,295000,288500,413622,120510566000,84571230,24610227930000
20221227,005490,KR7005490008,POSCO홀딩스,KOSPI,292000,0,0,293000,294500,290500,424295,123950063500,84571230,24694799160000
20221226,005490,KR7005490008,POSCO홀딩스,KOSPI,292000,3500,1.21,289500,293500,289000,331276,96688740500,84571230,24694799160000
20221223,005490,KR7005490008,POSCO홀딩스,KOSPI,288500,-1000,-.35,285000,289500,283500,341122,97590925000,84571230,24398799855000
20221222,005490,KR7005490008,POSCO홀딩스,KOSPI,289500,2000,.7,289000,291000,284000,263381,75916715000,84571230,24483371085000
20221221,005490,KR7005490008,POSCO홀딩스,KOSPI,287500,6500,2.31,283000,293500,282500,470239,135739159000,84571230,24314228625000
20221220,005490,KR7005490008,POSCO홀딩스,KOSPI,281000,-500,-.18,281500,283000,279500,225221,63285167000,84571230,23764515630000
20221219,005490,KR7005490008,POSCO홀딩스,KOSPI,281500,2500,.9,277500,283000,276500,221946,62233761500,84571230,23806801245000
20221216,005490,KR7005490008,POSCO홀딩스,KOSPI,279000,-4500,-1.59,279000,281000,277000,360911,100688726000,84571230,23595373170000
20221215,005490,KR7005490008,POSCO홀딩스,KOSPI,283500,-2500,-.87,283000,284500,280500,246861,69859083500,84571230,23975943705000
20221214,005490,KR7005490008,POSCO홀딩스,KOSPI,286000,-500,-.17,286500,289500,284500,286313,81872695315,84571230,24187371780000
20221213,005490,KR7005490008,POSCO홀딩스,KOSPI,286500,3500,1.24,285500,290500,283000,374379,107664923430,84571230,24229657395000
20221212,005490,KR7005490008,POSCO홀딩스,KOSPI,283000,-1000,-.35,280500,286500,278000,241773,68266859500,84571230,23933658090000
20221209,005490,KR7005490008,POSCO홀딩스,KOSPI,284000,-2500,-.87,286000,288000,277500,490437,138443194500,84571230,24018229320000
20221208,005490,KR7005490008,POSCO홀딩스,KOSPI,286500,-3500,-1.21,290000,291000,284000,576852,165028605000,84571230,24229657395000
20221207,005490,KR7005490008,POSCO홀딩스,KOSPI,290000,3500,1.22,283500,293000,282500,330579,95222258000,84571230,24525656700000
20221206,005490,KR7005490008,POSCO홀딩스,KOSPI,286500,-7000,-2.39,289000,292000,283000,505646,145410419500,84571230,24229657395000
20221205,005490,KR7005490008,POSCO홀딩스,KOSPI,293500,-1500,-.51,296000,297500,289000,498884,146216901000,84571230,24821656005000
20221202,005490,KR7005490008,POSCO홀딩스,KOSPI,295000,-6000,-1.99,297000,301000,294000,450549,134011678500,84571230,24948512850000
20221201,005490,KR7005490008,POSCO홀딩스,KOSPI,301000,1500,.5,304500,306500,299000,496246,149915338000,84571230,25455940230000
20221130,005490,KR7005490008,POSCO홀딩스,KOSPI,299500,6000,2.04,294500,303000,293500,917771,274419521001,84571230,25329083385000
20221129,005490,KR7005490008,POSCO홀딩스,KOSPI,293500,-500,-.17,293000,296000,292000,223793,65826479500,84571230,24821656005000
20221128,005490,KR7005490008,POSCO홀딩스,KOSPI,294000,-1500,-.51,295500,298000,292000,341848,100878674000,84571230,24863941620000
20221125,005490,KR7005490008,POSCO홀딩스,KOSPI,295500,6000,2.07,290500,296500,290500,320362,94414346500,84571230,24990798465000
20221124,005490,KR7005490008,POSCO홀딩스,KOSPI,289500,0,0,291000,294500,288500,259179,75392298000,84571230,24483371085000
20221123,005490,KR7005490008,POSCO홀딩스,KOSPI,289500,-3000,-1.03,295500,296500,289000,310435,90315261500,84571230,24483371085000
20221122,005490,KR7005490008,POSCO홀딩스,KOSPI,292500,4000,1.39,288000,295000,286500,315350,91968673000,84571230,24737084775000
20221121,005490,KR7005490008,POSCO홀딩스,KOSPI,288500,-1000,-.35,290000,290000,284000,266548,76582217000,84571230,24398799855000
20221118,005490,KR7005490008,POSCO홀딩스,KOSPI,289500,5500,1.94,288000,295500,287500,401272,116555689500,84571230,24483371085000
20221117,005490,KR7005490008,POSCO홀딩스,KOSPI,284000,-4000,-1.39,285000,290500,282500,331954,95015895500,84571230,24018229320000
20221116,005490,KR7005490008,POSCO홀딩스,KOSPI,288000,-3500,-1.2,290500,290500,278500,705848,200671298000,84571230,24356514240000
20221115,005490,KR7005490008,POSCO홀딩스,KOSPI,291500,-3000,-1.02,295500,297000,289000,469800,137083351000,84571230,24652513545000
20221114,005490,KR7005490008,POSCO홀딩스,KOSPI,294500,9000,3.15,292000,301000,291000,919941,273085466500,84571230,24906227235000
20221111,005490,KR7005490008,POSCO홀딩스,KOSPI,285500,4500,1.6,289000,289000,281500,539139,153612875500,84571230,24145086165000
20221110,005490,KR7005490008,POSCO홀딩스,KOSPI,281000,-2500,-.88,280000,288500,278000,695094,196548408000,84571230,23764515630000
20221109,005490,KR7005490008,POSCO홀딩스,KOSPI,283500,10500,3.85,275500,285000,275000,698635,197263234000,84571230,23975943705000
20221108,005490,KR7005490008,POSCO홀딩스,KOSPI,273000,-3500,-1.27,277500,280000,271500,574555,157763374500,84571230,23087945790000
20221107,005490,KR7005490008,POSCO홀딩스,KOSPI,276500,20500,8.01,258000,276500,258000,786325,212155707500,84571230,23383945095000
20221104,005490,KR7005490008,POSCO홀딩스,KOSPI,256000,-2000,-.78,257500,260500,252500,341234,87319316500,84571230,21650234880000
20221103,005490,KR7005490008,POSCO홀딩스,KOSPI,258000,-500,-.19,253500,262500,252500,557476,143544809750,84571230,21819377340000
20221102,005490,KR7005490008,POSCO홀딩스,KOSPI,258500,4000,1.57,257000,267000,255000,677114,177229795261,84571230,21861662955000
20221101,005490,KR7005490008,POSCO홀딩스,KOSPI,254500,5500,2.21,250000,255500,247000,332397,83870504500,84571230,21523378035000
20221031,005490,KR7005490008,POSCO홀딩스,KOSPI,249000,2000,.81,250000,250000,244500,378237,93699245000,84571230,21058236270000
20221028,005490,KR7005490008,POSCO홀딩스,KOSPI,247000,-2000,-.8,246500,251000,245500,390447,96837309500,84571230,20889093810000
20221027,005490,KR7005490008,POSCO홀딩스,KOSPI,249000,12000,5.06,240000,250000,239500,476197,117199949000,84571230,21058236270000
20221026,005490,KR7005490008,POSCO홀딩스,KOSPI,237000,-2500,-1.04,237500,241000,235000,377516,89850178000,84571230,20043381510000
20221025,005490,KR7005490008,POSCO홀딩스,KOSPI,239500,-8500,-3.43,246500,247000,236000,588197,141051170000,84571230,20254809585000
20221024,005490,KR7005490008,POSCO홀딩스,KOSPI,248000,-1000,-.4,255000,256000,245500,306768,76418048500,84571230,20973665040000
20221021,005490,KR7005490008,POSCO홀딩스,KOSPI,249000,-3000,-1.19,250000,251000,243000,372162,91832832500,84571230,21058236270000
20221020,005490,KR7005490008,POSCO홀딩스,KOSPI,252000,-3000,-1.18,253500,254500,248000,613413,153876106000,84571230,21311949960000
20221019,005490,KR7005490008,POSCO홀딩스,KOSPI,255000,5000,2,250000,258000,249000,493090,125028784500,84571230,21565663650000
20221018,005490,KR7005490008,POSCO홀딩스,KOSPI,250000,2500,1.01,251500,253000,244500,364684,90463858500,84571230,21142807500000
20221017,005490,KR7005490008,POSCO홀딩스,KOSPI,247500,1500,.61,243500,249500,243000,293992,72655686500,84571230,20931379425000
20221014,005490,KR7005490008,POSCO홀딩스,KOSPI,246000,8500,3.58,240500,249000,239000,467706,114397072500,84571230,20804522580000
20221013,005490,KR7005490008,POSCO홀딩스,KOSPI,237500,1000,.42,237500,245000,237000,515327,123965432500,84571230,20085667125000
20221012,005490,KR7005490008,POSCO홀딩스,KOSPI,236500,6500,2.83,230500,238000,227000,386804,90456369000,84571230,20001095895000
20221011,005490,KR7005490008,POSCO홀딩스,KOSPI,230000,3500,1.55,225000,231000,223500,512457,116539186500,84571230,19451382900000
20221007,005490,KR7005490008,POSCO홀딩스,KOSPI,226500,2500,1.12,223500,228000,223000,274457,62007015500,84571230,19155383595000
20221006,005490,KR7005490008,POSCO홀딩스,KOSPI,224000,1000,.45,224000,227500,223000,183132,41179934500,84571230,18943955520000
20221005,005490,KR7005490008,POSCO홀딩스,KOSPI,223000,500,.22,226000,226500,220000,236774,52901177500,84571230,18859384290000
20221004,005490,KR7005490008,POSCO홀딩스,KOSPI,222500,11500,5.45,215500,226000,215000,322898,71662561250,84571230,18817098675000
20220930,005490,KR7005490008,POSCO홀딩스,KOSPI,211000,-8500,-3.87,218500,219000,211000,412612,88070839500,84571230,17844529530000
20220929,005490,KR7005490008,POSCO홀딩스,KOSPI,219500,-8500,-3.73,229000,230000,219000,421889,93950078000,84571230,18563384985000
20220928,005490,KR7005490008,POSCO홀딩스,KOSPI,228000,-1000,-.44,227000,232500,225500,373979,85375956000,84571230,19282240440000
20220927,005490,KR7005490008,POSCO홀딩스,KOSPI,229000,4500,2,226000,229500,224000,409286,92813444000,84571230,19366811670000
20220926,005490,KR7005490008,POSCO홀딩스,KOSPI,224500,-11500,-4.87,230500,232500,222500,412237,93146483500,84571230,18986241135000
20220923,005490,KR7005490008,POSCO홀딩스,KOSPI,236000,500,.21,236000,242500,234000,240590,56953762500,84571230,19958810280000
20220922,005490,KR7005490008,POSCO홀딩스,KOSPI,235500,-2500,-1.05,235000,236500,234000,197040,46362407500,84571230,19916524665000
20220921,005490,KR7005490008,POSCO홀딩스,KOSPI,238000,-1500,-.63,238000,241000,235500,208920,49783132250,84571230,20127952740000
20220920,005490,KR7005490008,POSCO홀딩스,KOSPI,239500,8500,3.68,233000,241000,233000,339939,80919256500,84571230,20254809585000
20220919,005490,KR7005490008,POSCO홀딩스,KOSPI,231000,500,.22,229000,232000,228000,245546,56510344500,84571230,19535954130000
20220916,005490,KR7005490008,POSCO홀딩스,KOSPI,230500,-4500,-1.91,231500,236500,230000,392504,90988422500,84571230,19493668515000
20220915,005490,KR7005490008,POSCO홀딩스,KOSPI,235000,-4500,-1.88,239000,239000,228500,514057,119920176500,84571230,19874239050000
20220914,005490,KR7005490008,POSCO홀딩스,KOSPI,239500,-8500,-3.43,240000,242500,237500,382467,91730548000,84571230,20254809585000
20220913,005490,KR7005490008,POSCO홀딩스,KOSPI,248000,6500,2.69,240000,250000,240000,539335,132634133500,84571230,20973665040000
20220908,005490,KR7005490008,POSCO홀딩스,KOSPI,241500,-4500,-1.83,242500,245000,237500,497799,120345861000,84571230,20423952045000
20220907,005490,KR7005490008,POSCO홀딩스,KOSPI,246000,-6500,-2.57,248500,249500,242000,413650,101550387250,84571230,20804522580000
20220906,005490,KR7005490008,POSCO홀딩스,KOSPI,252500,0,0,248500,254500,248500,209262,52675303000,84571230,21354235575000
20220905,005490,KR7005490008,POSCO홀딩스,KOSPI,252500,6500,2.64,246000,254000,245000,307203,77085458500,84571230,21354235575000
20220902,005490,KR7005490008,POSCO홀딩스,KOSPI,246000,-7000,-2.77,253000,254000,246000,450262,112097048000,87186835,21447961410000
20220901,005490,KR7005490008,POSCO홀딩스,KOSPI,253000,-2000,-.78,252500,259500,251500,437904,111778266500,87186835,22058269255000
20220831,005490,KR7005490008,POSCO홀딩스,KOSPI,255000,1000,.39,251500,258000,249000,468949,119411488500,87186835,22232642925000
20220830,005490,KR7005490008,POSCO홀딩스,KOSPI,254000,10000,4.1,246500,255500,245000,341331,85736268000,87186835,22145456090000
20220829,005490,KR7005490008,POSCO홀딩스,KOSPI,244000,-5000,-2.01,241500,245500,240000,209755,51069890000,87186835,21273587740000
20220826,005490,KR7005490008,POSCO홀딩스,KOSPI,249000,-1500,-.6,252500,254000,247500,238026,59377576500,87186835,21709521915000
20220825,005490,KR7005490008,POSCO홀딩스,KOSPI,250500,5000,2.04,247000,250500,245500,234092,58040934500,87186835,21840302167500
20220824,005490,KR7005490008,POSCO홀딩스,KOSPI,245500,-2500,-1.01,246000,248000,243000,267236,65517893500,87186835,21404367992500
20220823,005490,KR7005490008,POSCO홀딩스,KOSPI,248000,-1000,-.4,246500,250500,244500,279380,69095054934,87186835,21622335080000
20220822,005490,KR7005490008,POSCO홀딩스,KOSPI,249000,-6000,-2.35,252000,253500,248000,297487,74226543500,87186835,21709521915000
20220819,005490,KR7005490008,POSCO홀딩스,KOSPI,255000,-1000,-.39,256500,256500,251500,256031,65063018000,87186835,22232642925000
20220818,005490,KR7005490008,POSCO홀딩스,KOSPI,256000,-2000,-.78,255000,257000,252000,262167,67007774750,87186835,22319829760000
20220817,005490,KR7005490008,POSCO홀딩스,KOSPI,258000,0,0,260000,265500,257500,345970,90202336500,87186835,22494203430000
20220816,005490,KR7005490008,POSCO홀딩스,KOSPI,258000,-1500,-.58,263500,266500,257000,368851,96137874500,87186835,22494203430000
20220812,005490,KR7005490008,POSCO홀딩스,KOSPI,259500,2500,.97,257000,261500,255500,304190,78821672000,87186835,22624983682500
20220811,005490,KR7005490008,POSCO홀딩스,KOSPI,257000,8500,3.42,251500,258000,250000,378261,96693228500,87186835,22407016595000
20220810,005490,KR7005490008,POSCO홀딩스,KOSPI,248500,2500,1.02,247500,251500,246000,312580,77873001750,87186835,21665928497500
20220809,005490,KR7005490008,POSCO홀딩스,KOSPI,246000,6000,2.5,245500,249000,243000,318194,78139729000,87186835,21447961410000
20220808,005490,KR7005490008,POSCO홀딩스,KOSPI,240000,500,.21,239500,241000,236500,181139,43316345000,87186835,20924840400000
20220805,005490,KR7005490008,POSCO홀딩스,KOSPI,239500,6500,2.79,234500,241000,233000,374503,88436109866,87186835,20881246982500
20220804,005490,KR7005490008,POSCO홀딩스,KOSPI,233000,-2500,-1.06,237000,239000,232500,430497,100613901724,87186835,20314532555000
20220803,005490,KR7005490008,POSCO홀딩스,KOSPI,235500,-500,-.21,234500,237500,232500,272038,63969130290,87186835,20532499642500
20220802,005490,KR7005490008,POSCO홀딩스,KOSPI,236000,-4000,-1.67,240000,240500,234500,278244,65658892000,87186835,20576093060000
20220801,005490,KR7005490008,POSCO홀딩스,KOSPI,240000,-2000,-.83,245000,245000,238500,273551,65934077500,87186835,20924840400000
20220729,005490,KR7005490008,POSCO홀딩스,KOSPI,242000,3500,1.47,237500,243000,237500,306236,73920425500,87186835,21099214070000
20220728,005490,KR7005490008,POSCO홀딩스,KOSPI,238500,2000,.85,238500,239500,237000,179304,42712476000,87186835,20794060147500
20220727,005490,KR7005490008,POSCO홀딩스,KOSPI,236500,1000,.42,235500,237000,234000,185386,43661432000,87186835,20619686477500
20220726,005490,KR7005490008,POSCO홀딩스,KOSPI,235500,1000,.43,234500,236000,233000,103839,24394996500,87186835,20532499642500
20220725,005490,KR7005490008,POSCO홀딩스,KOSPI,234500,500,.21,233500,236000,232500,342567,80113625000,87186835,20445312807500
20220722,005490,KR7005490008,POSCO홀딩스,KOSPI,234000,-1000,-.43,235500,236500,232500,168210,39382941500,87186835,20401719390000
20220721,005490,KR7005490008,POSCO홀딩스,KOSPI,235000,3000,1.29,230000,235000,228000,260004,60525666000,87186835,20488906225000
20220720,005490,KR7005490008,POSCO홀딩스,KOSPI,232000,2000,.87,234000,234000,230500,199103,46256987000,87186835,20227345720000
20220719,005490,KR7005490008,POSCO홀딩스,KOSPI,230000,3500,1.55,226500,230500,225500,273542,62624483000,87186835,20052972050000
20220718,005490,KR7005490008,POSCO홀딩스,KOSPI,226500,2500,1.12,226000,227000,222000,273744,61616582500,87186835,19747818127500
20220715,005490,KR7005490008,POSCO홀딩스,KOSPI,224000,1000,.45,225000,228000,221500,298831,67009410000,87186835,19529851040000
20220714,005490,KR7005490008,POSCO홀딩스,KOSPI,223000,-3500,-1.55,223000,225000,222000,310781,69387713000,87186835,19442664205000
20220713,005490,KR7005490008,POSCO홀딩스,KOSPI,226500,3500,1.57,223000,228500,223000,187735,42469833500,87186835,19747818127500
20220712,005490,KR7005490008,POSCO홀딩스,KOSPI,223000,-7000,-3.04,229500,229500,221000,252206,56382956000,87186835,19442664205000
20220711,005490,KR7005490008,POSCO홀딩스,KOSPI,230000,-1000,-.43,231500,232000,228000,130550,29988112500,87186835,20052972050000
20220708,005490,KR7005490008,POSCO홀딩스,KOSPI,231000,1000,.43,232500,235500,231000,209419,48764407000,87186835,20140158885000
20220707,005490,KR7005490008,POSCO홀딩스,KOSPI,230000,0,0,232000,232500,227500,266156,61150518000,87186835,20052972050000
20220706,005490,KR7005490008,POSCO홀딩스,KOSPI,230000,-8500,-3.56,236000,236500,230000,324077,75274401000,87186835,20052972050000
20220705,005490,KR7005490008,POSCO홀딩스,KOSPI,238500,8500,3.7,233000,239000,231000,287694,67932748000,87186835,20794060147500
20220704,005490,KR7005490008,POSCO홀딩스,KOSPI,230000,-2500,-1.08,233500,235000,226500,265047,61084244500,87186835,20052972050000
20220701,005490,KR7005490008,POSCO홀딩스,KOSPI,232500,2000,.87,234500,236500,230000,298947,69770038500,87186835,20270939137500
20220630,005490,KR7005490008,POSCO홀딩스,KOSPI,230500,-3500,-1.5,234000,235500,230500,323966,75352062500,87186835,20096565467500
20220629,005490,KR7005490008,POSCO홀딩스,KOSPI,234000,-9000,-3.7,237000,237500,233000,302546,70940383000,87186835,20401719390000
20220628,005490,KR7005490008,POSCO홀딩스,KOSPI,243000,5000,2.1,238500,243000,238500,257774,62183493164,87186835,21186400905000
20220627,005490,KR7005490008,POSCO홀딩스,KOSPI,238000,0,0,240500,241000,233500,297209,70748268196,87186835,20750466730000
20220624,005490,KR7005490008,POSCO홀딩스,KOSPI,238000,4000,1.71,234000,239500,229500,328581,77471593000,87186835,20750466730000
20220623,005490,KR7005490008,POSCO홀딩스,KOSPI,234000,-8500,-3.51,240000,241000,233500,437747,103414392000,87186835,20401719390000
20220622,005490,KR7005490008,POSCO홀딩스,KOSPI,242500,-8000,-3.19,252500,252500,241000,371830,90790586000,87186835,21142807487500
20220621,005490,KR7005490008,POSCO홀딩스,KOSPI,250500,-2000,-.79,253500,255000,248500,219217,55067449000,87186835,21840302167500
20220620,005490,KR7005490008,POSCO홀딩스,KOSPI,252500,-10000,-3.81,264000,264000,250500,350343,89248645500,87186835,22014675837500
20220617,005490,KR7005490008,POSCO홀딩스,KOSPI,262500,-5000,-1.87,260000,265000,259500,627182,164565176500,87186835,22886544187500
20220616,005490,KR7005490008,POSCO홀딩스,KOSPI,267500,6000,2.29,263500,270000,263500,301214,80571090500,87186835,23322478362500
20220615,005490,KR7005490008,POSCO홀딩스,KOSPI,261500,-2000,-.76,265500,266000,259000,281819,73876504000,87186835,22799357352500
20220614,005490,KR7005490008,POSCO홀딩스,KOSPI,263500,-4500,-1.68,262000,265000,261000,395108,103895830000,87186835,22973731022500
20220613,005490,KR7005490008,POSCO홀딩스,KOSPI,268000,-11000,-3.94,273500,274000,268000,374998,101296513000,87186835,23366071780000
20220610,005490,KR7005490008,POSCO홀딩스,KOSPI,279000,-7000,-2.45,282500,282500,278000,284607,79511205000,87186835,24325126965000
20220609,005490,KR7005490008,POSCO홀딩스,KOSPI,286000,500,.18,285500,287000,284000,262830,75059076000,87186835,24935434810000
20220608,005490,KR7005490008,POSCO홀딩스,KOSPI,285500,-1500,-.52,287500,290000,285000,151759,43514441000,87186835,24891841392500
20220607,005490,KR7005490008,POSCO홀딩스,KOSPI,287000,-3000,-1.03,290000,293000,286500,243572,70402805000,87186835,25022621645000
20220603,005490,KR7005490008,POSCO홀딩스,KOSPI,290000,2000,.69,290500,295000,289000,237752,69323638000,87186835,25284182150000
20220602,005490,KR7005490008,POSCO홀딩스,KOSPI,288000,-1000,-.35,291500,291500,286000,311949,89971873000,87186835,25109808480000
20220531,005490,KR7005490008,POSCO홀딩스,KOSPI,289000,-5000,-1.7,294000,294000,288000,695314,201287896395,87186835,25196995315000
20220530,005490,KR7005490008,POSCO홀딩스,KOSPI,294000,0,0,295000,296000,292500,200031,58828279000,87186835,25632929490000
20220527,005490,KR7005490008,POSCO홀딩스,KOSPI,294000,0,0,295000,296500,292000,240511,70812902000,87186835,25632929490000
20220526,005490,KR7005490008,POSCO홀딩스,KOSPI,294000,3500,1.2,289000,294000,289000,245009,71719732395,87186835,25632929490000
20220525,005490,KR7005490008,POSCO홀딩스,KOSPI,290500,1500,.52,293000,294000,290500,201411,58847687000,87186835,25327775567500
20220524,005490,KR7005490008,POSCO홀딩스,KOSPI,289000,-3500,-1.2,291500,295500,289000,221667,64737351000,87186835,25196995315000
20220523,005490,KR7005490008,POSCO홀딩스,KOSPI,292500,1000,.34,292500,294000,289000,189083,55203978500,87186835,25502149237500
20220520,005490,KR7005490008,POSCO홀딩스,KOSPI,291500,6500,2.28,286500,293000,286500,206080,59982473500,87186835,25414962402500
20220519,005490,KR7005490008,POSCO홀딩스,KOSPI,285000,-3000,-1.04,280000,287500,279500,262911,74608963500,87186835,24848247975000
20220518,005490,KR7005490008,POSCO홀딩스,KOSPI,288000,500,.17,289000,290500,287000,193713,55905374500,87186835,25109808480000
20220517,005490,KR7005490008,POSCO홀딩스,KOSPI,287500,6500,2.31,283000,288500,283000,190081,54419406000,87186835,25066215062500
20220516,005490,KR7005490008,POSCO홀딩스,KOSPI,281000,500,.18,282000,284000,279500,175543,49355591500,87186835,24499500635000
20220513,005490,KR7005490008,POSCO홀딩스,KOSPI,280500,7500,2.75,276500,282000,273000,254670,70942326500,87186835,24455907217500
20220512,005490,KR7005490008,POSCO홀딩스,KOSPI,273000,-1500,-.55,273000,279000,272500,251662,69212716500,87186835,23802005955000
20220511,005490,KR7005490008,POSCO홀딩스,KOSPI,274500,-1500,-.54,275500,276500,273000,177462,48723592000,87186835,23932786207500
20220510,005490,KR7005490008,POSCO홀딩스,KOSPI,276000,-5000,-1.78,277500,280000,272000,291390,80166220200,87186835,24063566460000
20220509,005490,KR7005490008,POSCO홀딩스,KOSPI,281000,-5000,-1.75,284500,286000,280500,180846,51003989000,87186835,24499500635000
20220506,005490,KR7005490008,POSCO홀딩스,KOSPI,286000,-5500,-1.89,286000,288000,284000,192881,55162623500,87186835,24935434810000
20220504,005490,KR7005490008,POSCO홀딩스,KOSPI,291500,2500,.87,289000,298000,289000,193167,56764688000,87186835,25414962402500
20220503,005490,KR7005490008,POSCO홀딩스,KOSPI,289000,-4000,-1.37,292000,295000,289000,154703,45134083500,87186835,25196995315000
20220502,005490,KR7005490008,POSCO홀딩스,KOSPI,293000,4000,1.38,285000,293500,284500,234352,68196943000,87186835,25545742655000
20220429,005490,KR7005490008,POSCO홀딩스,KOSPI,289000,-1000,-.34,286500,290500,285500,178473,51560519000,87186835,25196995315000
20220428,005490,KR7005490008,POSCO홀딩스,KOSPI,290000,12000,4.32,280500,290000,280500,341213,97587250000,87186835,25284182150000
20220427,005490,KR7005490008,POSCO홀딩스,KOSPI,278000,-6000,-2.11,279000,279500,276000,304986,84718588500,87186835,24237940130000
20220426,005490,KR7005490008,POSCO홀딩스,KOSPI,284000,-2000,-.7,288000,288500,282000,302521,85832629500,87186835,24761061140000
20220425,005490,KR7005490008,POSCO홀딩스,KOSPI,286000,-9500,-3.21,289500,290500,286000,251867,72457370000,87186835,24935434810000
20220422,005490,KR7005490008,POSCO홀딩스,KOSPI,295500,-3500,-1.17,295500,297000,292500,254910,75206335500,87186835,25763709742500
20220421,005490,KR7005490008,POSCO홀딩스,KOSPI,299000,9500,3.28,292000,300000,291500,417039,124079941000,87186835,26068863665000
20220420,005490,KR7005490008,POSCO홀딩스,KOSPI,289500,1000,.35,288500,292000,287000,218556,63280227100,87186835,25240588732500
20220419,005490,KR7005490008,POSCO홀딩스,KOSPI,288500,5500,1.94,284500,288500,282500,256646,73645270000,87186835,25153401897500
20220418,005490,KR7005490008,POSCO홀딩스,KOSPI,283000,500,.18,281500,283500,278000,181166,50920222000,87186835,24673874305000
20220415,005490,KR7005490008,POSCO홀딩스,KOSPI,282500,-3500,-1.22,292000,293500,282000,443687,126923587500,87186835,24630280887500
20220414,005490,KR7005490008,POSCO홀딩스,KOSPI,286000,500,.18,285500,288000,284000,207690,59395442000,87186835,24935434810000
20220413,005490,KR7005490008,POSCO홀딩스,KOSPI,285500,3500,1.24,285000,286500,283000,128670,36669613000,87186835,24891841392500
20220412,005490,KR7005490008,POSCO홀딩스,KOSPI,282000,-4000,-1.4,285500,287000,282000,196710,55765904000,87186835,24586687470000
20220411,005490,KR7005490008,POSCO홀딩스,KOSPI,286000,3000,1.06,282500,289000,281500,196683,56075108000,87186835,24935434810000
20220408,005490,KR7005490008,POSCO홀딩스,KOSPI,283000,2500,.89,284500,284500,281000,185278,52407738500,87186835,24673874305000
20220407,005490,KR7005490008,POSCO홀딩스,KOSPI,280500,-4500,-1.58,283500,286500,280500,220834,62291286000,87186835,24455907217500
20220406,005490,KR7005490008,POSCO홀딩스,KOSPI,285000,-4500,-1.55,286000,288000,283500,235528,67099971500,87186835,24848247975000
20220405,005490,KR7005490008,POSCO홀딩스,KOSPI,289500,-4500,-1.53,292500,293500,287500,191471,55368420500,87186835,25240588732500
20220404,005490,KR7005490008,POSCO홀딩스,KOSPI,294000,6000,2.08,287000,294000,286500,207021,60459155000,87186835,25632929490000
20220401,005490,KR7005490008,POSCO홀딩스,KOSPI,288000,-5000,-1.71,289500,291500,286000,304417,87555850300,87186835,25109808480000
20220331,005490,KR7005490008,POSCO홀딩스,KOSPI,293000,3000,1.03,291000,294500,290000,292573,85721821760,87186835,25545742655000
20220330,005490,KR7005490008,POSCO홀딩스,KOSPI,290000,-9000,-3.01,296500,298500,289000,440166,128349813500,87186835,25284182150000
20220329,005490,KR7005490008,POSCO홀딩스,KOSPI,299000,-500,-.17,300500,301000,296000,284426,84764821000,87186835,26068863665000
20220328,005490,KR7005490008,POSCO홀딩스,KOSPI,299500,0,0,299500,300000,294000,265949,79076854500,87186835,26112457082500
20220325,005490,KR7005490008,POSCO홀딩스,KOSPI,299500,-4500,-1.48,304000,305000,297500,263554,79016203000,87186835,26112457082500
20220324,005490,KR7005490008,POSCO홀딩스,KOSPI,304000,-2500,-.82,303500,304500,299000,353201,106701515196,87186835,26504797840000
20220323,005490,KR7005490008,POSCO홀딩스,KOSPI,306500,13500,4.61,297500,306500,297000,519555,157835066000,87186835,26722764927500
20220322,005490,KR7005490008,POSCO홀딩스,KOSPI,293000,6000,2.09,289000,294500,287500,324522,94613178000,87186835,25545742655000
20220321,005490,KR7005490008,POSCO홀딩스,KOSPI,287000,0,0,289000,291000,286000,181821,52398042500,87186835,25022621645000
20220318,005490,KR7005490008,POSCO홀딩스,KOSPI,287000,3500,1.23,286500,293500,284500,377985,108795054500,87186835,25022621645000
20220317,005490,KR7005490008,POSCO홀딩스,KOSPI,283500,500,.18,286500,288000,283500,225722,64436758000,87186835,24717467722500
